|English|Chinese|compound|morpheme|highlighted|doculect|multisyllabic|
|------|------|------|------|------|------|------|
|vomit|嘔吐,嘔吐,嘔吐,㽹惡,嘔吐|V V,V V,V V,V V,V V|nausea/嘔 spit/吐,nausea/嘔 spit/吐,nausea/嘔 spit/吐,faint/㽹 nausea/惡,nausea/嘔 spit/吐|nausea/嘔 spit/吐,nausea/嘔 spit/吐,nausea/嘔 spit/吐,faint/㽹 nausea/惡,nausea/嘔 spit/吐|Rongcheng,Xi_an,Nanjing,Jixi,Guangzhou|False,False,False,False,False|
|float|漂浮,漂浮,漂浮,漂浮,漂浮,漂浮,漂浮,漂浮,漂浮|V V,V V,V V,V V,V,V V,V V,V,V V|float/漂 float/浮,float/漂 float/浮,float/漂 float/浮,float/漂 float/浮,float/漂 float/浮,float/漂 float/浮,float/漂 float/浮,float/漂 float/浮,float/漂 float/浮|float/漂 float/浮,float/漂 float/浮,float/漂 float/浮,float/漂 float/浮,float/漂 float/浮,float/漂 float/浮,float/漂 float/浮,float/漂 float/浮,float/漂 float/浮|Beijing,Ha_erbin,Jinan,Rongcheng,Nanjing,Jixi,Changsha,Nanchang,Guangzhou|False,False,False,False,False,False,False,False,False|
|wife|老婆,媳婦,老娘們,老婆,老婆,媳婦,婆娘,老婆,老娘,老婆,老妪,家主婆,老安,堂客,內當家,堂客,老婆,老婆,老婆,老小,老媽,老婆,厝里|N N,N N,N N S,N N,N N,N N,N N,N N,N N,N N,N N,N A N,N N,N N,N V N,N N,N N,N N,N N,N N,N N,N N,N N|old/老 woman/婆,wife/媳 wife/婦,old/老 female/娘 :PL/們,old/老 woman/婆,old/老 woman/婆,wife/媳 wife/婦,woman/婆 female/娘,old/老 woman/婆,old/老 female/娘,old/老 woman/婆,old/老 woman/妪,family/家 lord/主 woman/婆,old/老 wife,relative:N/堂 guest/客,inside/內 act/當 family/家,relative:N/堂 guest/客,old/老 woman/婆,old/老 woman/婆,old/老 woman/婆,old/老 small/小,old/老 mother/媽,old/老 woman/婆,place:V/厝 inside/里|old/老 woman/婆,wife/媳 wife/婦,old/老 female/娘 :PL/們,old/老 woman/婆,old/老 woman/婆,wife/媳 wife/婦,woman/婆 female/娘,old/老 woman/婆,old/老 female/娘,old/老 woman/婆,old/老 woman/妪,family/家 lord/主 woman/婆,old/老 wife,relative:N/堂 guest/客,inside/內 act/當 family/家,relative:N/堂 guest/客,old/老 woman/婆,old/老 woman/婆,old/老 woman/婆,old/老 small/小,old/老 mother/媽,old/老 woman/婆,place:V/厝 inside/里|Ha_erbin,Ha_erbin,Ha_erbin,Rongcheng,Taiyuan,Xi_an,Xi_an,Chengdu,Chengdu,Nanjing,Jixi,Suzhou,Wenzhou,Changsha,Changsha,Loudi,Nanchang,Meixian,Guilin,Fuzhou,Fuzhou,Fuzhou,Fuzhou|True,False,False,False,False,False,False,False,False,False,False,False,False,False,False,False,False,False,False,False,False,False,False|
|all|全部,全部,全部,全部,全部,全部,全部,全部,全部,全部,全部,全部,全部,全部,全部,全部,全部,全部|N N,N N,N N,N N,N N,N N,A N,N N,N N,N N,N N,N N,N N,N N,N N,N N,N N,N N|complete/全 part/部,complete/全 part/部,complete/全 part/部,complete/全 part/部,complete/全 part/部,complete/全 part/部,complete/全 part/部,complete/全 part/部,complete/全 part/部,complete/全 part/部,complete/全 part/部,complete/全 part/部,complete/全 part/部,complete/全 part/部,complete/全 part/部,complete/全 part/部,complete/全 part/部,complete/全 part/部|complete/全 part/部,complete/全 part/部,complete/全 part/部,complete/全 part/部,complete/全 part/部,complete/全 part/部,complete/全 part/部,complete/全 part/部,complete/全 part/部,complete/全 part/部,complete/全 part/部,complete/全 part/部,complete/全 part/部,complete/全 part/部,complete/全 part/部,complete/全 part/部,complete/全 part/部,complete/全 part/部|Beijing,Ha_erbin,Jinan,Rongcheng,Taiyuan,Xi_an,Chengdu,Nanjing,Jixi,Suzhou,Wenzhou,Changsha,Loudi,Nanchang,Meixian,Guilin,Guangzhou,Xiamen|False,False,False,False,False,False,False,False,False,False,False,False,False,False,False,False,False,False|
|nose|鼻子,鼻子,鼻子,鼻子,鼻子,鼻子,鼻子,鼻子,鼻孔,鼻頭,鼻頭,鼻子,鼻子,鼻子,鼻公,鼻孔,鼻哥|N S,N S,N S,N S,N S,N S,N S,N S,N N,N S,N S,N S,N S,N S,N N,N N,N N|nose/鼻 -child:SUF/子,nose/鼻 -child:SUF/子,nose/鼻 -child:SUF/子,nose/鼻 -child:SUF/子,nose/鼻 -child:SUF/子,nose/鼻 -child:SUF/子,nose/鼻 -child:SUF/子,nose/鼻 -child:SUF/子,nose/鼻 hole/孔,nose/鼻 head:SUF/頭,nose/鼻 head:SUF/頭,nose/鼻 -child:SUF/子,nose/鼻 head:SUF/頭,nose/鼻 -child:SUF/子,nose/鼻 noble.man:SUF/公,nose/鼻 hole/孔,nose/鼻 :SUF/哥|nose/鼻 -child:SUF/子,nose/鼻 -child:SUF/子,nose/鼻 -child:SUF/子,nose/鼻 -child:SUF/子,nose/鼻 -child:SUF/子,nose/鼻 -child:SUF/子,nose/鼻 -child:SUF/子,nose/鼻 -child:SUF/子,nose/鼻 hole/孔,nose/鼻 head:SUF/頭,nose/鼻 head:SUF/頭,nose/鼻 -child:SUF/子,nose/鼻 head:SUF/頭,nose/鼻 -child:SUF/子,nose/鼻 noble.man:SUF/公,nose/鼻 hole/孔,nose/鼻 :SUF/哥|Beijing,Ha_erbin,Jinan,Rongcheng,Taiyuan,Xi_an,Chengdu,Nanjing,Jixi,Suzhou,Wenzhou,Changsha,Loudi,Nanchang,Meixian,Guilin,Guangzhou|False,False,False,False,False,False,False,False,False,False,False,False,False,False,False,False,False|
|neck|頸項,頸子,扣頸,頭頸,頭頸,頸根,頸骨,頸根,頷頸|N N,N S,N N,N N,N N,N N,N N,N N,N N|neck/頸 nepe/項,neck/頸 -child:SUF/子,neck/扣 neck/頸,head/頭 neck/頸,head/頭 neck/頸,neck/頸 root/根,neck/頸 bone/骨,neck/頸 root/根,neck/頷 neck/頸|neck/頸 nepe/項,neck/頸 -child:SUF/子,neck/扣 neck/頸,head/頭 neck/頸,head/頭 neck/頸,neck/頸 root/根,neck/頸 bone/骨,neck/頸 root/根,neck/頷 neck/頸|Chengdu,Chengdu,Jixi,Suzhou,Wenzhou,Changsha,Loudi,Meixian,Xiamen|False,False,False,False,False,False,False,False,False|
|if|如果,如果,如果,如果,如果,如果,如果,如果,假使,若是,如果,要是,如果,如果,倘若,如果,如果,若还,若果,如果,若是|C N,C N,C N,C N,C N,C N,C N,C N,C C,C Pron,C N,C Pron,C N,C N,C V,C N,C N,C V,C N,C N,C Pron|how/如 fruit.result/果,how/如 fruit.result/果,how/如 fruit.result/果,how/如 fruit.result/果,how/如 fruit.result/果,how/如 fruit.result/果,how/如 fruit.result/果,how/如 fruit.result/果,fake/假 send/使,if/若 be/是,how/如 fruit.result/果,want/要 be/是,how/如 fruit.result/果,how/如 fruit.result/果,if/倘 if/若,how/如 fruit.result/果,how/如 fruit.result/果,if/若 return/还,if/若 fruit.result/果,how/如 fruit.result/果,if/若 be/是|how/如 fruit.result/果,how/如 fruit.result/果,how/如 fruit.result/果,how/如 fruit.result/果,how/如 fruit.result/果,how/如 fruit.result/果,how/如 fruit.result/果,how/如 fruit.result/果,fake/假 send/使,if/若 be/是,how/如 fruit.result/果,want/要 be/是,how/如 fruit.result/果,how/如 fruit.result/果,if/倘 if/若,how/如 fruit.result/果,how/如 fruit.result/果,if/若 return/还,if/若 fruit.result/果,how/如 fruit.result/果,if/若 be/是|Beijing,Ha_erbin,Jinan,Rongcheng,Taiyuan,Xi_an,Nanjing,Jixi,Suzhou,Wenzhou,Changsha,Changsha,Loudi,Nanchang,Nanchang,Guilin,Guangzhou,Fuzhou,Fuzhou,Fuzhou,Xiamen|False,False,False,False,False,False,False,False,False,False,False,False,False,False,False,False,False,False,False,False,False|
|breasts|乳房,奶子,奶子,奶子,乳房,奶奶,乳房,奶子,奶奶,乳房,奶子,奶婆,奶姑,奶房,乳房|N N,N S,N S,N S,N N,N N,N N,N S,N N2,N N,N S,N N,N N,N N,N N|breast/乳 house.room/房,breast/奶 -child:SUF/子,breast/奶 -child:SUF/子,breast/奶 -child:SUF/子,breast/乳 house.room/房,breast/奶 breast:RED/奶,breast/乳 house.room/房,breast/奶 -child:SUF/子,breast/奶 breast/奶,breast/乳 house.room/房,breast/奶 -child:SUF/子,breast/奶 woman/婆,breast/奶 breasts,breast/奶 house.room/房,breast/乳 house.room/房|breast/乳 house.room/房,breast/奶 -child:SUF/子,breast/奶 -child:SUF/子,breast/奶 -child:SUF/子,breast/乳 house.room/房,breast/奶 breast:RED/奶,breast/乳 house.room/房,breast/奶 -child:SUF/子,breast/奶 breast/奶,breast/乳 house.room/房,breast/奶 -child:SUF/子,breast/奶 woman/婆,breast/奶 breasts,breast/奶 house.room/房,breast/乳 house.room/房|Beijing,Ha_erbin,Jinan,Rongcheng,Xi_an,Chengdu,Nanjing,Jixi,Suzhou,Changsha,Changsha,Loudi,Meixian,Guilin,Guangzhou|False,False,False,False,False,False,False,False,False,False,False,False,False,False,False|
|woods|森林,森林,森林,森林,森林,树林,森林,森林,树林,树林,森林,树林,森林,森林,森林,树林,森林,树林,森林,树林,树林|N N,N N,N N,N N,N N,N N,N N,N N,N N,N N,N N,N N,N N,N N,N N,N N,N N,N N,N N,N N,N N|forest/森 forest/林,forest/森 forest/林,forest/森 forest/林,forest/森 forest/林,forest/森 forest/林,tree/树 forest/林,forest/森 forest/林,forest/森 forest/林,tree/树 forest/林,tree/树 forest/林,forest/森 forest/林,tree/树 forest/林,forest/森 forest/林,forest/森 forest/林,forest/森 forest/林,tree/树 forest/林,forest/森 forest/林,tree/树 forest/林,forest/森 forest/林,tree/树 forest/林,tree/树 forest/林|forest/森 forest/林,forest/森 forest/林,forest/森 forest/林,forest/森 forest/林,forest/森 forest/林,tree/树 forest/林,forest/森 forest/林,forest/森 forest/林,tree/树 forest/林,tree/树 forest/林,forest/森 forest/林,tree/树 forest/林,forest/森 forest/林,forest/森 forest/林,forest/森 forest/林,tree/树 forest/林,forest/森 forest/林,tree/树 forest/林,forest/森 forest/林,tree/树 forest/林,tree/树 forest/林|Beijing,Ha_erbin,Taiyuan,Xi_an,Chengdu,Nanjing,Nanjing,Jixi,Jixi,Suzhou,Wenzhou,Wenzhou,Changsha,Loudi,Nanchang,Nanchang,Meixian,Guilin,Guangzhou,Fuzhou,Xiamen|False,False,False,False,False,False,False,False,False,False,False,False,False,False,False,False,False,False,False,False,False|
|tongue|舌頭,舌頭,舌頭,舌頭,舌头,舌頭,舌頭,舌頭,舌頭,舌子,舌子,舌頭,舌嫲,舌頭|N S,N S,N S,N S,N S,N S,N S,N S,N S,N S,N S,N S,N S,N S|tongue/舌 head:SUF/頭,tongue/舌 head:SUF/頭,tongue/舌 head:SUF/頭,tongue/舌 head:SUF/頭,tongue/舌 head:SUF/頭,tongue/舌 head:SUF/頭,tongue/舌 head:SUF/頭,tongue/舌 head:SUF/頭,tongue/舌 head:SUF/頭,tongue/舌 -child:SUF/子,tongue/舌 -child:SUF/子,tongue/舌 head:SUF/頭,tongue/舌 :SUF/嫲,tongue/舌 head:SUF/頭|tongue/舌 head:SUF/頭,tongue/舌 head:SUF/頭,tongue/舌 head:SUF/頭,tongue/舌 head:SUF/頭,tongue/舌 head:SUF/頭,tongue/舌 head:SUF/頭,tongue/舌 head:SUF/頭,tongue/舌 head:SUF/頭,tongue/舌 head:SUF/頭,tongue/舌 -child:SUF/子,tongue/舌 -child:SUF/子,tongue/舌 head:SUF/頭,tongue/舌 :SUF/嫲,tongue/舌 head:SUF/頭|Ha_erbin,Jinan,Rongcheng,Taiyuan,Xi_an,Chengdu,Nanjing,Suzhou,Changsha,Changsha,Loudi,Nanchang,Meixian,Guilin|False,False,False,False,False,False,False,False,False,False,False,False,False,False|
|snake|长虫,长虫,长虫|A N,A N,A N|long/长 insect/虫,long/长 insect/虫,long/长 insect/虫|long/长 insect/虫,long/长 insect/虫,long/长 insect/虫|Ha_erbin,Rongcheng,Xi_an|False,False,False|
|rope|繩索|N N|rope/繩 rope/索|rope/繩 rope/索|Chengdu|False|
|louse|虱子,虱子,虱子,虱子,虱子,虱子,跳虱,虱婆子,虱婆子,虱嫲,虱母,家叉+蟲|N S,N S,N S,N S,N S,N S,V N,N N S,N N S,N N,N N,N N|louse/虱 -child:SUF/子,louse/虱 -child:SUF/子,louse/虱 -child:SUF/子,louse/虱 -child:SUF/子,louse/虱 -child:SUF/子,louse/虱 -child:SUF/子,jump/跳 louse/虱,louse/虱 woman/婆 -child:SUF/子,louse/虱 woman/婆 -child:SUF/子,louse/虱 ma/嫲,louse/虱 mother/母,family/家 louse/叉+蟲|louse/虱 -child:SUF/子,louse/虱 -child:SUF/子,louse/虱 -child:SUF/子,louse/虱 -child:SUF/子,louse/虱 -child:SUF/子,louse/虱 -child:SUF/子,jump/跳 louse/虱,louse/虱 woman/婆 -child:SUF/子,louse/虱 woman/婆 -child:SUF/子,louse/虱 ma/嫲,louse/虱 mother/母,family/家 louse/叉+蟲|Ha_erbin,Jinan,Taiyuan,Chengdu,Nanjing,Jixi,Suzhou,Changsha,Loudi,Meixian,Fuzhou,Xiamen|False,False,False,False,False,False,False,False,False,False,False,False|
|wet|透流|A V|permeate/透 flow/流|permeate/透 flow/流|Jixi|False|
|what|什麼,什麼,什麼,什麼,什麼,什麼,什麼,脉個,什麼,什物|Pron Pron,Pron Pron,Pron Pron,Pron Pron,Pron Pron,Pron Pron,Pron Pron,Pron CLS,Pron Pron,Pron N|what:QU/什 what:QU/麼,what:QU/什 what:QU/麼,what:QU/什 what:QU/麼,what:QU/什 what:QU/麼,what:QU/什 what:QU/麼,what:QU/什 what:QU/麼,what:QU/什 what:QU/麼,WHAT -piece:CLS/個,what:QU/什 what:QU/麼,what:QU/什 thing/物|what:QU/什 what:QU/麼,what:QU/什 what:QU/麼,what:QU/什 what:QU/麼,what:QU/什 what:QU/麼,what:QU/什 what:QU/麼,what:QU/什 what:QU/麼,what:QU/什 what:QU/麼,WHAT -piece:CLS/個,what:QU/什 what:QU/麼,what:QU/什 thing/物|Beijing,Ha_erbin,Jinan,Rongcheng,Nanjing,Jixi,Changsha,Meixian,Guilin,Xiamen|False,False,False,False,False,False,False,False,False,False|
|stone|石頭,石頭,石頭,石頭,石頭,石頭,石頭,石頭,石頭,石頭,石頭,石頭,石頭,石頭,石頭,石頭,石頭|N S,N S,N S,N S,N S,N S,N S,N S,N S,N S,N S,N S,N S,N S,N S,N S,N S|stone/石 head:SUF/頭,stone/石 head:SUF/頭,stone/石 head:SUF/頭,stone/石 head:SUF/頭,stone/石 head:SUF/頭,stone/石 head:SUF/頭,stone/石 head:SUF/頭,stone/石 head:SUF/頭,stone/石 head:SUF/頭,stone/石 head:SUF/頭,stone/石 head:SUF/頭,stone/石 head:SUF/頭,stone/石 head:SUF/頭,stone/石 head:SUF/頭,stone/石 head:SUF/頭,stone/石 head:SUF/頭,stone/石 head:SUF/頭|stone/石 head:SUF/頭,stone/石 head:SUF/頭,stone/石 head:SUF/頭,stone/石 head:SUF/頭,stone/石 head:SUF/頭,stone/石 head:SUF/頭,stone/石 head:SUF/頭,stone/石 head:SUF/頭,stone/石 head:SUF/頭,stone/石 head:SUF/頭,stone/石 head:SUF/頭,stone/石 head:SUF/頭,stone/石 head:SUF/頭,stone/石 head:SUF/頭,stone/石 head:SUF/頭,stone/石 head:SUF/頭,stone/石 head:SUF/頭|Beijing,Ha_erbin,Jinan,Rongcheng,Taiyuan,Xi_an,Chengdu,Nanjing,Jixi,Suzhou,Changsha,Nanchang,Meixian,Guilin,Guangzhou,Fuzhou,Xiamen|False,False,False,False,False,False,False,False,False,False,False,False,False,False,False,False,False|
|fruit|水果,水果,水果,果們,水果,水果,水果,水果,水果,水果,水果,水果,果子,水果,水果,水果,水果,果子,水果|N N,N N,N N,N S,N N,N N,N N,N N,N N,N N,N N,N N,N S,N N,N N,N N,N N,N S,N N|water/水 fruit.result/果,water/水 fruit.result/果,water/水 fruit.result/果,fruit.result/果 :PL/們,water/水 fruit.result/果,water/水 fruit.result/果,water/水 fruit.result/果,water/水 fruit.result/果,water/水 fruit.result/果,water/水 fruit.result/果,water/水 fruit.result/果,water/水 fruit.result/果,fruit.result/果 -child:SUF/子,water/水 fruit.result/果,water/水 fruit.result/果,water/水 fruit.result/果,water/水 fruit.result/果,fruit.result/果 -child:SUF/子,water/水 fruit.result/果|water/水 fruit.result/果,water/水 fruit.result/果,water/水 fruit.result/果,fruit.result/果 :PL/們,water/水 fruit.result/果,water/水 fruit.result/果,water/水 fruit.result/果,water/水 fruit.result/果,water/水 fruit.result/果,water/水 fruit.result/果,water/水 fruit.result/果,water/水 fruit.result/果,fruit.result/果 -child:SUF/子,water/水 fruit.result/果,water/水 fruit.result/果,water/水 fruit.result/果,water/水 fruit.result/果,fruit.result/果 -child:SUF/子,water/水 fruit.result/果|Beijing,Ha_erbin,Jinan,Rongcheng,Taiyuan,Xi_an,Chengdu,Nanjing,Jixi,Suzhou,Wenzhou,Changsha,Loudi,Nanchang,Meixian,Guilin,Guangzhou,Fuzhou,Xiamen|False,False,False,False,False,False,False,False,False,False,False,False,False,False,False,False,False,False,False|
|die|彈四郎|V N N|die/彈 die/四 die/郎|die/彈 die/四 die/郎|Changsha|False|
|they|他們,他們,他們,他們,他們,他的,他們,他們,渠人,俚竹+马,渠俫,他們,他㑲,渠們,佢丁人,他的個,佢哋,伊儂,伊各儂|Pron S,Pron S,Pron S,Pron S,Pron S,Pron G,Pron S,Pron S,Pron N,Pron Pron,Pron S,Pron S,Pron S,Pron S,Pron S N,Pron G CLS,Pron S,Pron N,Pron C Pron|other/他 :PL/們,other/他 :PL/們,other/他 :PL/們,other/他 :PL/們,other/他 :PL/們,he :GEN/的,other/他 :PL/們,other/他 :PL/們,he/渠 person/人,he/俚 they/竹马,he/渠 :SUF/俫,other/他 :PL/們,he :PL/㑲,he/渠 :PL/們,he/佢 :PL/丁 person/人,other/他 :GEN/的 -piece:CLS/個,he/佢 :PL/哋,he/伊 :SUF/儂,he/伊 :PL/各 :SUF/儂|other/他 :PL/們,other/他 :PL/們,other/他 :PL/們,other/他 :PL/們,other/他 :PL/們,he :GEN/的,other/他 :PL/們,other/他 :PL/們,he/渠 person/人,he/俚 they/竹马,he/渠 :SUF/俫,other/他 :PL/們,he :PL/㑲,he/渠 :PL/們,he/佢 :PL/丁 person/人,other/他 :GEN/的 -piece:CLS/個,he/佢 :PL/哋,he/伊 :SUF/儂,he/伊 :PL/各 :SUF/儂|Beijing,Ha_erbin,Jinan,Rongcheng,Taiyuan,Xi_an,Chengdu,Nanjing,Jixi,Suzhou,Wenzhou,Changsha,Loudi,Nanchang,Meixian,Guilin,Guangzhou,Fuzhou,Fuzhou|False,False,False,False,False,False,False,False,False,False,False,False,False,False,False,False,False,False,False|
|sun|太陽,日頭,太陽,太陽,日頭,太陽,太陽,日頭,太陽,太陽,太陽,太陽,太陽,太陽,太陽,太陽,日頭,日頭,太陽,日頭|N N,N S,N N,N N,N S,N N,N N,N S,N N,N N,N N,N N,N N,N N,N N,N N,N S,N S,N N,N S|huge/太 sun/陽,sun/日 head:SUF/頭,huge/太 sun/陽,huge/太 sun/陽,sun/日 head:SUF/頭,huge/太 sun/陽,huge/太 sun/陽,sun/日 head:SUF/頭,huge/太 sun/陽,huge/太 sun/陽,huge/太 sun/陽,huge/太 sun/陽,huge/太 sun/陽,huge/太 sun/陽,huge/太 sun/陽,huge/太 sun/陽,sun/日 head:SUF/頭,sun/日 head:SUF/頭,huge/太 sun/陽,sun/日 head:SUF/頭|huge/太 sun/陽,sun/日 head:SUF/頭,huge/太 sun/陽,huge/太 sun/陽,sun/日 head:SUF/頭,huge/太 sun/陽,huge/太 sun/陽,sun/日 head:SUF/頭,huge/太 sun/陽,huge/太 sun/陽,huge/太 sun/陽,huge/太 sun/陽,huge/太 sun/陽,huge/太 sun/陽,huge/太 sun/陽,huge/太 sun/陽,sun/日 head:SUF/頭,sun/日 head:SUF/頭,huge/太 sun/陽,sun/日 head:SUF/頭|Beijing,Ha_erbin,Ha_erbin,Jinan,Rongcheng,Taiyuan,Xi_an,Xi_an,Chengdu,Nanjing,Jixi,Suzhou,Wenzhou,Changsha,Loudi,Nanchang,Meixian,Guilin,Guangzhou,Fuzhou|False,False,False,False,False,False,False,False,False,False,False,False,False,False,False,False,False,False,False,False|
|sky|天空,天上,天空,天空,天上,天空,天上,天空,天空,天老爺,天里,天空,天空,天上,天空,天空,天中,天頂|N N,N N,N N,N N,N N,N N,N N,N N,N N,N A N,N N,N N,N N,N N,N N,N N,N S,N N|sky.day/天 space/空,sky.day/天 top/上,sky.day/天 space/空,sky.day/天 space/空,sky.day/天 top/上,sky.day/天 space/空,sky.day/天 top/上,sky.day/天 space/空,sky.day/天 space/空,sky.day/天 old/老 father/爺,sky.day/天 inside/里,sky.day/天 space/空,sky.day/天 space/空,sky.day/天 top/上,sky.day/天 space/空,sky.day/天 space/空,sky.day/天 :SUF/儂,sky.day/天 top/頂|sky.day/天 space/空,sky.day/天 top/上,sky.day/天 space/空,sky.day/天 space/空,sky.day/天 top/上,sky.day/天 space/空,sky.day/天 top/上,sky.day/天 space/空,sky.day/天 space/空,sky.day/天 old/老 father/爺,sky.day/天 inside/里,sky.day/天 space/空,sky.day/天 space/空,sky.day/天 top/上,sky.day/天 space/空,sky.day/天 space/空,sky.day/天 :SUF/儂,sky.day/天 top/頂|Beijing,Ha_erbin,Jinan,Rongcheng,Taiyuan,Xi_an,Chengdu,Nanjing,Jixi,Suzhou,Wenzhou,Changsha,Nanchang,Meixian,Guilin,Guangzhou,Fuzhou,Xiamen|False,False,False,False,False,False,False,False,False,False,False,False,False,False,False,False,False,False|
|hear|聽見,聽見,聽見,聽見,聽見,聽見,聽到,聽見,聽見,聽見,聽着,聽見,聽見,聽見,聽見,聽見,聽見,聽着|V V,V V,V V,V V,V V,V V,V V,V V,V V,V V,V V,V V,V V,V V,V V,V V,V V,V V|hear/聽 see.perceive/見,hear/聽 see.perceive/見,hear/聽 see.perceive/見,hear/聽 see.perceive/見,hear/聽 see.perceive/見,hear/聽 see.perceive/見,hear/聽 arrive/到,hear/聽 see.perceive/見,hear/聽 see.perceive/見,hear/聽 see.perceive/見,hear/聽 reach/着,hear/聽 see.perceive/見,hear/聽 see.perceive/見,hear/聽 see.perceive/見,hear/聽 see.perceive/見,hear/聽 see.perceive/見,hear/聽 see.perceive/見,hear/聽 reach/着|hear/聽 see.perceive/見,hear/聽 see.perceive/見,hear/聽 see.perceive/見,hear/聽 see.perceive/見,hear/聽 see.perceive/見,hear/聽 see.perceive/見,hear/聽 arrive/到,hear/聽 see.perceive/見,hear/聽 see.perceive/見,hear/聽 see.perceive/見,hear/聽 reach/着,hear/聽 see.perceive/見,hear/聽 see.perceive/見,hear/聽 see.perceive/見,hear/聽 see.perceive/見,hear/聽 see.perceive/見,hear/聽 see.perceive/見,hear/聽 reach/着|Beijing,Ha_erbin,Jinan,Rongcheng,Taiyuan,Xi_an,Chengdu,Nanjing,Jixi,Suzhou,Wenzhou,Changsha,Loudi,Nanchang,Guilin,Guangzhou,Fuzhou,Xiamen|False,False,False,False,False,False,False,False,False,False,False,False,False,False,False,False,False,False|
|head|腦壳,頭那|N N,N A|brain/腦 shell/壳,head/頭 that/那|brain/腦 shell/壳,head/頭 that/那|Changsha,Meixian|False,False|
|earth|土地,土地,土地,土地,土地,土地,土地,土地,土地,地皮,土地,土地,土地,土地,土地,土地,土地,土地,涂地,土地|N N,N N,N N,N N,N N,N N,N N,N N,N N,N N,N N,N N,N N,N N,N N,N N,N N,N N,N N,N N|soil/土 ground/地,soil/土 ground/地,soil/土 ground/地,soil/土 ground/地,soil/土 ground/地,soil/土 ground/地,soil/土 ground/地,soil/土 ground/地,soil/土 ground/地,ground/地 skin/皮,soil/土 ground/地,soil/土 ground/地,soil/土 ground/地,soil/土 ground/地,soil/土 ground/地,soil/土 ground/地,soil/土 ground/地,soil/土 ground/地,mud ground/地,soil/土 ground/地|soil/土 ground/地,soil/土 ground/地,soil/土 ground/地,soil/土 ground/地,soil/土 ground/地,soil/土 ground/地,soil/土 ground/地,soil/土 ground/地,soil/土 ground/地,ground/地 skin/皮,soil/土 ground/地,soil/土 ground/地,soil/土 ground/地,soil/土 ground/地,soil/土 ground/地,soil/土 ground/地,soil/土 ground/地,soil/土 ground/地,mud ground/地,soil/土 ground/地|Beijing,Ha_erbin,Jinan,Rongcheng,Taiyuan,Xi_an,Chengdu,Nanjing,Jixi,Suzhou,Suzhou,Wenzhou,Changsha,Loudi,Nanchang,Meixian,Guilin,Guangzhou,Fuzhou,Xiamen|False,False,False,False,False,False,False,False,False,False,False,False,False,False,False,False,False,False,False,False|
|leg|骹腿|N N|leg/骹 leg/腿|leg/骹 leg/腿|Fuzhou|False|
|play|白相,骹遛,𨑨迌|Adv N,N V,V V|white/白 fight:N/相,leg/骹 play/遛,play/𨑨 play/迌|white/白 fight:N/相,leg/骹 play/遛,play/𨑨 play/迌|Suzhou,Fuzhou,Xiamen|False,False,False|
|night|晚上,晚上,下黑,下晚黑,晚上,后晌,晚上,晚上,晚上,夜下,黃昏,晚上,夜裡,夜晚,暗晡,夜下,晚上,暝晡,下昏|N N,N N,N N,N N N,N N,N N,N N,N N,N N,N N,N N,N N,N N,N N,N N,N N,N N,N N,N N|evening/晚 top/上,evening/晚 top/上,descend/下 black/黑,descend/下 evening/晚 black/黑,evening/晚 top/上,after/后 dawn/晌,evening/晚 top/上,evening/晚 top/上,evening/晚 top/上,night/夜 descend/下,yellow/黃 dawn/昏,evening/晚 top/上,night/夜 inside/里,night/夜 evening/晚,dark/暗 night/晡,night/夜 descend/下,evening/晚 top/上,dark/暝 night/晡,descend/下 dawn/昏|evening/晚 top/上,evening/晚 top/上,descend/下 black/黑,descend/下 evening/晚 black/黑,evening/晚 top/上,after/后 dawn/晌,evening/晚 top/上,evening/晚 top/上,evening/晚 top/上,night/夜 descend/下,yellow/黃 dawn/昏,evening/晚 top/上,night/夜 inside/里,night/夜 evening/晚,dark/暗 night/晡,night/夜 descend/下,evening/晚 top/上,dark/暝 night/晡,descend/下 dawn/昏|Beijing,Ha_erbin,Ha_erbin,Ha_erbin,Jinan,Rongcheng,Taiyuan,Chengdu,Nanjing,Jixi,Wenzhou,Changsha,Loudi,Nanchang,Meixian,Guilin,Guangzhou,Fuzhou,Xiamen|False,False,False,False,False,False,False,False,False,False,False,False,False,False,False,False,False,False,False|
|we|我們,我們,我們,我們,我們,我們,我們,我人,吾伲,我倈,我們,我俺,我們,我竹固哩,𠊎丁人,我囗囗囗,我哋,侬家|Pron S,Pron S,Pron S,Pron S,Pron S,Pron S,Pron S,Pron N,Pron S,Pron S,Pron S,Pron Pron,Pron S,Pron S S,Pron S N,Pron S N CLS,Pron S,Pron N|I:1ST/我 :PL/們,I:1ST/我 :PL/們,I:1ST/我 :PL/們,I:1ST/我 :PL/們,I:1ST/我 :PL/們,I:1ST/我 :PL/們,I:1ST/我 :PL/們,I:1ST/我 person/人,I:ST/吾 :SUF/伲,I:1ST/我 :SUF/俫,I:1ST/我 :PL/們,I:1ST/我 :1ST/俺,I:1ST/我 :PL/們,I:ST/我 :SUF/竹固 :SUF/哩,I:1ST/𠊎 :PL/丁 person/人,I:1ST/我 :suffix/te :suffix/lei -piece:CLS/個,I:1ST/我 :PL/哋,we/侬 family/家|I:1ST/我 :PL/們,I:1ST/我 :PL/們,I:1ST/我 :PL/們,I:1ST/我 :PL/們,I:1ST/我 :PL/們,I:1ST/我 :PL/們,I:1ST/我 :PL/們,I:1ST/我 person/人,I:ST/吾 :SUF/伲,I:1ST/我 :SUF/俫,I:1ST/我 :PL/們,I:1ST/我 :1ST/俺,I:1ST/我 :PL/們,I:ST/我 :SUF/竹固 :SUF/哩,I:1ST/𠊎 :PL/丁 person/人,I:1ST/我 :suffix/te :suffix/lei -piece:CLS/個,I:1ST/我 :PL/哋,we/侬 family/家|Beijing,Ha_erbin,Jinan,Rongcheng,Taiyuan,Chengdu,Nanjing,Jixi,Suzhou,Wenzhou,Changsha,Loudi,Nanchang,Nanchang,Meixian,Guilin,Guangzhou,Fuzhou|False,False,False,False,False,False,False,False,False,False,False,False,False,False,False,False,False,False|
|fog|迷露,蒙纱|N N,N N|fog/迷 hide/露,fog/蒙 fog/纱|fog/迷 hide/露,fog/蒙 fog/纱|Suzhou,Meixian|False,False|
|knee|膝蓋,簸棱盖,膝盖,波棱蓋,膝蓋,波羅蓋,膝蓋,膝蓋,膝頭,膝頭,膝頭,腳頭足夫|N N,N N N,N N,N N N,N N,N N N,N N,N N,N S,N S,N S,N S N|knee/膝 cover/蓋,knee/波 knee/leng cover/盖,knee/膝 cover/盖,knee/波 knee/leng cover/蓋,knee/膝 cover/蓋,knee/波 knee/leng cover/蓋,knee/膝 cover/蓋,knee/膝 cover/蓋,knee/膝 head:SUF/頭,knee/膝 head:SUF/頭,knee/膝 head:SUF/頭,foot/腳 head:SUF/頭 knee/足夫|knee/膝 cover/蓋,knee/波 knee/leng cover/盖,knee/膝 cover/盖,knee/波 knee/leng cover/蓋,knee/膝 cover/蓋,knee/波 knee/leng cover/蓋,knee/膝 cover/蓋,knee/膝 cover/蓋,knee/膝 head:SUF/頭,knee/膝 head:SUF/頭,knee/膝 head:SUF/頭,foot/腳 head:SUF/頭 knee/足夫|Ha_erbin,Ha_erbin,Jinan,Rongcheng,Taiyuan,Nanjing,Changsha,Nanchang,Meixian,Guilin,Guangzhou,Xiamen|False,False,False,False,False,False,False,False,False,False,False,False|
|squeeze|囗得|V V|/tshe reach/得|/tshe reach/得|Loudi|False|
|tooth|牙齒,牙齒,牙齒,牙齒,牙齒,牙齒,牙齒,牙齒,牙齒,牙齒,牙齒,牙齒,牙齒,牙齒,牙齒|N N,N N,N N,N N,N N,N N,N N,N N,N N,N N,N N,N N,N N,N N,N N|tooth/牙 tooth/齒,tooth/牙 tooth/齒,tooth/牙 tooth/齒,tooth/牙 tooth/齒,tooth/牙 tooth/齒,tooth/牙 tooth/齒,tooth/牙 tooth/齒,tooth/牙 tooth/齒,tooth/牙 tooth/齒,tooth/牙 tooth/齒,tooth/牙 tooth/齒,tooth/牙 tooth/齒,tooth/牙 tooth/齒,tooth/牙 tooth/齒,tooth/牙 tooth/齒|tooth/牙 tooth/齒,tooth/牙 tooth/齒,tooth/牙 tooth/齒,tooth/牙 tooth/齒,tooth/牙 tooth/齒,tooth/牙 tooth/齒,tooth/牙 tooth/齒,tooth/牙 tooth/齒,tooth/牙 tooth/齒,tooth/牙 tooth/齒,tooth/牙 tooth/齒,tooth/牙 tooth/齒,tooth/牙 tooth/齒,tooth/牙 tooth/齒,tooth/牙 tooth/齒|Beijing,Jinan,Rongcheng,Taiyuan,Xi_an,Chengdu,Nanjing,Jixi,Wenzhou,Changsha,Loudi,Nanchang,Meixian,Guilin,Guangzhou|False,False,False,False,False,False,False,False,False,False,False,False,False,False,False|
|eye|眼睛,眼睛,眼睛,眼睛,眼睛,眼窝,眼睛,眼睛,眼睛,眼睛,眼珠,眼睛,眼珠,眼睛,眼睛,目睭,目珠|N N,N N,N N,N N,N N,N N,N N,N N,N N,N N,N N,N N,N N,N N,N N,N N,N N|eye/睛 eye.ball/睛,eye/睛 eye.ball/睛,eye/睛 eye.ball/睛,eye/睛 eye.ball/睛,eye/睛 eye.ball/睛,eye/睛 nest/窝,eye/睛 eye.ball/睛,eye/睛 eye.ball/睛,eye/睛 eye.ball/睛,eye/睛 eye.ball/睛,eye/睛 pearl/珠,eye/睛 eye.ball/睛,eye/睛 pearl/珠,eye/睛 eye.ball/睛,eye/睛 eye.ball/睛,eye/目 eye.ball/珠,eye/目 eye.ball/珠|eye/睛 eye.ball/睛,eye/睛 eye.ball/睛,eye/睛 eye.ball/睛,eye/睛 eye.ball/睛,eye/睛 eye.ball/睛,eye/睛 nest/窝,eye/睛 eye.ball/睛,eye/睛 eye.ball/睛,eye/睛 eye.ball/睛,eye/睛 eye.ball/睛,eye/睛 pearl/珠,eye/睛 eye.ball/睛,eye/睛 pearl/珠,eye/睛 eye.ball/睛,eye/睛 eye.ball/睛,eye/目 eye.ball/珠,eye/目 eye.ball/珠|Beijing,Ha_erbin,Jinan,Rongcheng,Taiyuan,Xi_an,Chengdu,Nanjing,Jixi,Changsha,Loudi,Nanchang,Meixian,Guilin,Guangzhou,Fuzhou,Xiamen|False,False,False,False,False,False,False,False,False,False,False,False,False,False,False,False,False|
|because|因为,因为,庸乎,因为,因为,因为,因为,因为,因为,因为,因为,因为,因为,因为,因为,因为,因为,因为,因为,因为|P V,P V,P Pt,P V,P V,P V,P V,P V,P V,P V,P V,P V,P V,P V,P V,P V,P V,P V,P V,P V|reason/因 in.order.to/为,reason/因 in.order.to/为,because/庸 because/乎,reason/因 in.order.to/为,reason/因 in.order.to/为,reason/因 in.order.to/为,reason/因 in.order.to/为,reason/因 in.order.to/为,reason/因 in.order.to/为,reason/因 in.order.to/为,reason/因 in.order.to/为,reason/因 in.order.to/为,reason/因 in.order.to/为,reason/因 in.order.to/为,reason/因 in.order.to/为,reason/因 in.order.to/为,reason/因 in.order.to/为,reason/因 in.order.to/为,reason/因 in.order.to/为,reason/因 in.order.to/为|reason/因 in.order.to/为,reason/因 in.order.to/为,because/庸 because/乎,reason/因 in.order.to/为,reason/因 in.order.to/为,reason/因 in.order.to/为,reason/因 in.order.to/为,reason/因 in.order.to/为,reason/因 in.order.to/为,reason/因 in.order.to/为,reason/因 in.order.to/为,reason/因 in.order.to/为,reason/因 in.order.to/为,reason/因 in.order.to/为,reason/因 in.order.to/为,reason/因 in.order.to/为,reason/因 in.order.to/为,reason/因 in.order.to/为,reason/因 in.order.to/为,reason/因 in.order.to/为|Beijing,Ha_erbin,Ha_erbin,Jinan,Rongcheng,Taiyuan,Xi_an,Chengdu,Nanjing,Jixi,Suzhou,Wenzhou,Changsha,Loudi,Nanchang,Meixian,Guilin,Guangzhou,Fuzhou,Xiamen|False,False,False,False,False,False,False,False,False,False,False,False,False,False,False,False,False,False,False,False|
|feather|羽毛,羽毛,羽毛,羽毛,羽毛,羽毛,羽毛,羽毛,羽毛,羽毛,羽毛,羽毛,羽毛,羽毛,羽毛,羽毛,毛毛,翼毛|N N,N N,N N,N N,N N,N N,N N,N N,N N,N N,N N,N N,N N,N N,N N,N N,N N,N N|feather/羽 hair.feather.fur/毛,feather/羽 hair.feather.fur/毛,feather/羽 hair.feather.fur/毛,feather/羽 hair.feather.fur/毛,feather/羽 hair.feather.fur/毛,feather/羽 hair.feather.fur/毛,feather/羽 hair.feather.fur/毛,feather/羽 hair.feather.fur/毛,feather/羽 hair.feather.fur/毛,feather/羽 hair.feather.fur/毛,feather/羽 hair.feather.fur/毛,feather/羽 hair.feather.fur/毛,feather/羽 hair.feather.fur/毛,feather/羽 hair.feather.fur/毛,feather/羽 hair.feather.fur/毛,feather/羽 hair.feather.fur/毛,hair.feather.fur/毛 hair:RED,wing/翼 hair.feather.fur/毛|feather/羽 hair.feather.fur/毛,feather/羽 hair.feather.fur/毛,feather/羽 hair.feather.fur/毛,feather/羽 hair.feather.fur/毛,feather/羽 hair.feather.fur/毛,feather/羽 hair.feather.fur/毛,feather/羽 hair.feather.fur/毛,feather/羽 hair.feather.fur/毛,feather/羽 hair.feather.fur/毛,feather/羽 hair.feather.fur/毛,feather/羽 hair.feather.fur/毛,feather/羽 hair.feather.fur/毛,feather/羽 hair.feather.fur/毛,feather/羽 hair.feather.fur/毛,feather/羽 hair.feather.fur/毛,feather/羽 hair.feather.fur/毛,hair.feather.fur/毛 hair:RED,wing/翼 hair.feather.fur/毛|Beijing,Ha_erbin,Jinan,Rongcheng,Taiyuan,Chengdu,Nanjing,Jixi,Suzhou,Wenzhou,Changsha,Loudi,Nanchang,Meixian,Guangzhou,Fuzhou,Fuzhou,Xiamen|False,False,False,False,False,False,False,False,False,False,False,False,False,False,False,False,False,False|
|moon|月亮,月亮,月亮,月亮,月亮,月明,月亮,月亮,月亮,月亮,月亮,月光,月亮,月光,月光,月光,月亮,月光,月娘|N A,N A,N A,N A,N A,N A,N A,N A,N A,N A,N A,N N,N A,N N,N A,N N,N A,N N,N N|moon/月 shine/亮,moon/月 shine/亮,moon/月 shine/亮,moon/月 shine/亮,moon/月 shine/亮,moon/月 shine/明,moon/月 shine/亮,moon/月 shine/亮,moon/月 shine/亮,moon/月 shine/亮,moon/月 shine/亮,moon/月 ray/光,moon/月 shine/亮,moon/月 ray/光,moon/月 shine/亮,moon/月 ray/光,moon/月 shine/亮,moon/月 ray/光,moon/月 female/娘|moon/月 shine/亮,moon/月 shine/亮,moon/月 shine/亮,moon/月 shine/亮,moon/月 shine/亮,moon/月 shine/明,moon/月 shine/亮,moon/月 shine/亮,moon/月 shine/亮,moon/月 shine/亮,moon/月 shine/亮,moon/月 ray/光,moon/月 shine/亮,moon/月 ray/光,moon/月 shine/亮,moon/月 ray/光,moon/月 shine/亮,moon/月 ray/光,moon/月 female/娘|Beijing,Ha_erbin,Jinan,Rongcheng,Taiyuan,Taiyuan,Xi_an,Chengdu,Nanjing,Jixi,Suzhou,Wenzhou,Changsha,Loudi,Nanchang,Meixian,Guilin,Guangzhou,Xiamen|False,False,False,False,False,False,False,False,False,False,False,False,False,False,False,False,False,False,False|
|dirty|埋汰,邋遢,蒌馊,龌龊,鏖糟,邋遢,囗赖,腌臢,邋遢,汚糟,歯屋歯足|A A,A A,A A,A A,A A,A A,A A,A A,A A,A A,A A|dirty/埋 dirty/汰,dirty/邋 dirty/遢,dirty/蒌 dirty/馊,dirty/龌 dirty/龊,dirty/鏖 dirty/糟,dirty/邋 dirty/遢,dirty/pha dirty/赖,dirty/腌 dirty/臢,dirty/邋 dirty/遢,dirty/汚 dirty/糟,dirty/歯屋 dirty/歯足|dirty/埋 dirty/汰,dirty/邋 dirty/遢,dirty/蒌 dirty/馊,dirty/龌 dirty/龊,dirty/鏖 dirty/糟,dirty/邋 dirty/遢,dirty/pha dirty/赖,dirty/腌 dirty/臢,dirty/邋 dirty/遢,dirty/汚 dirty/糟,dirty/歯屋 dirty/歯足|Ha_erbin,Chengdu,Chengdu,Suzhou,Wenzhou,Changsha,Loudi,Nanchang,Guilin,Guangzhou,Fuzhou|False,False,False,False,False,False,False,False,False,False,False|
|how|怎么,怎么,怎么,怎么,怎底,怎样,啷個,咋个,怎样,采翘,纳亨,些那,怎么,和是,吗个,怎样,酿般,如何,点样,将样,将其,怎样|Adv S,Adv S,Adv S,Adv S,Adv Pron,Adv N,Pron CLS,Pron CLS,Adv N,Adv Adv2,Adv Adv2,Adv Pron,Adv S,Adv V,Pron CLS,Adv N,Adv N,Adv Pron,Adv N,Adv N,Adv N,Adv N|how -:question/me,how -:question/me,how -:question/me,how -:question/me,how what/底,how kind/样,how/啷 -piece:CLS/個,how/咋 -piece:CLS/個,how kind/样,how/采 how/翘,how/纳 how/亨,how/些 that/那,how -:question/me,how/和 be/是,how/吗 -piece:CLS/個,how kind/样,how/酿 how/般,how/如 what/何,point kind/样,how/将 kind/样,how/将 that/其,how kind/样|how -:question/me,how -:question/me,how -:question/me,how -:question/me,how what/底,how kind/样,how/啷 -piece:CLS/個,how/咋 -piece:CLS/個,how kind/样,how/采 how/翘,how/纳 how/亨,how/些 that/那,how -:question/me,how/和 be/是,how/吗 -piece:CLS/個,how kind/样,how/酿 how/般,how/如 what/何,point kind/样,how/将 kind/样,how/将 that/其,how kind/样|Beijing,Ha_erbin,Jinan,Rongcheng,Taiyuan,Xi_an,Chengdu,Chengdu,Nanjing,Jixi,Suzhou,Wenzhou,Changsha,Changsha,Loudi,Nanchang,Meixian,Guilin,Guangzhou,Fuzhou,Fuzhou,Xiamen|False,False,False,False,False,False,False,False,False,False,False,False,False,False,False,False,False,False,False,False,False,False|
|narrow|窄狭|A A|narrow/窄 narrow/狭|narrow/窄 narrow/狭|Jixi|False|
|husband|老公,丈夫,丈夫,丈夫,娃他爸,女婿,丈夫,女官,老公,丈夫,老公,男客,老公,老公,老公,先生,老公,丈夫|N N,N N,N N,N N,N Pron N,N N,N N,N N,N N,N N,N N,A N,N N,N N,N N,A N,N N,N N|old/老 noble.man/公,husband/丈 man/夫,husband/丈 man/夫,husband/丈 man/夫,child/娃 other/他 father/爸,female/女 son-in-law/婿,husband/丈 man/夫,female/女 government.official/官,old/老 noble.man/公,husband/丈 man/夫,old/老 noble.man/公,male/男 guest/客,old/老 noble.man/公,old/老 noble.man/公,old/老 noble.man/公,first/先 born/生,old/老 noble.man/公,husband/丈 man/夫|old/老 noble.man/公,husband/丈 man/夫,husband/丈 man/夫,husband/丈 man/夫,child/娃 other/他 father/爸,female/女 son-in-law/婿,husband/丈 man/夫,female/女 government.official/官,old/老 noble.man/公,husband/丈 man/夫,old/老 noble.man/公,male/男 guest/客,old/老 noble.man/公,old/老 noble.man/公,old/老 noble.man/公,first/先 born/生,old/老 noble.man/公,husband/丈 man/夫|Beijing,Ha_erbin,Jinan,Taiyuan,Xi_an,Xi_an,Nanjing,Jixi,Wenzhou,Changsha,Nanchang,Nanchang,Meixian,Guilin,Guangzhou,Guangzhou,Fuzhou,Fuzhou|True,False,False,False,False,False,False,False,False,False,False,False,False,False,False,False,False,False|
|this|该个,囗个|A CLS,A CLS|this/该 -piece:CLS/個,this/i -piece:CLS/個|this/该 -piece:CLS/個,this/i -piece:CLS/個|Wenzhou,Guilin|False,False|
|here|这里,这里,这疙,这里,这里,这里,这个地方,这块,尔搭,该搭,该里,咯裏,这嗒里下,竹固裏,这?,这个地方,只里,即带|Pron N,Pron N,Pron N,Pron N,Pron N,Pron N,Pron CLS N N,Pron CLS,Pron N,Pron N,Pron N,Pron N,Pron N N N,Pron N,Pron N,Pron CLS N N,Pron N,Pron N|this/这 inside/里,this/这 inside/里,this/这 this/疙,this/这 inside/里,this/这 inside/里,this/这 inside/里,this/这 -piece:CLS/個 ground/地 square/方,this/这 piece/块,this/尔 place/搭,this/该 place/搭,this/该 inside/里,this/咯 inside/里,inside/里 down/下 inside/里 descend/下,this/竹固 inside/里,this/这 this/je,this/这 -piece:CLS/個 ground/地 square/方,this/只 inside/里,this/即 this/带|this/这 inside/里,this/这 inside/里,this/这 this/疙,this/这 inside/里,this/这 inside/里,this/这 inside/里,this/这 -piece:CLS/個 ground/地 square/方,this/这 piece/块,this/尔 place/搭,this/该 place/搭,this/该 inside/里,this/咯 inside/里,inside/里 down/下 inside/里 descend/下,this/竹固 inside/里,this/这 this/je,this/这 -piece:CLS/個 ground/地 square/方,this/只 inside/里,this/即 this/带|Beijing,Ha_erbin,Ha_erbin,Jinan,Rongcheng,Taiyuan,Chengdu,Nanjing,Jixi,Suzhou,Wenzhou,Changsha,Loudi,Nanchang,Meixian,Guilin,Fuzhou,Xiamen|False,False,False,False,False,False,False,False,False,False,False,False,False,False,False,False,False,False|
|know|知道,知道,知道,知道,知道,知道,晓得,知道,晓得,晓得,晓得,知道,晓得,晓得,晓得,知得,晓得,知道,仈傳,会晓,會仈,知影|V V,V V,V V,V V,V V,V V,V V,V V,V V,V V,V V,V V,V V,V V,V V,V V,V V,V V,V V,V V,V V,V V|know/知 know/道,know/知 know/道,know/知 know/道,know/知 know/道,know/知 know/道,know/知 know/道,know/晓 reach/得,know/知 know/道,know/晓 reach/得,know/晓 reach/得,know/晓 reach/得,know/知 know/道,know/晓 reach/得,know/晓 reach/得,know/晓 reach/得,know/知 reach/得,know/晓 reach/得,know/知 know/道,know/仈 know/傳,can/会 know/晓,know/會 know/仈,know/知 know/影|know/知 know/道,know/知 know/道,know/知 know/道,know/知 know/道,know/知 know/道,know/知 know/道,know/晓 reach/得,know/知 know/道,know/晓 reach/得,know/晓 reach/得,know/晓 reach/得,know/知 know/道,know/晓 reach/得,know/晓 reach/得,know/晓 reach/得,know/知 reach/得,know/晓 reach/得,know/知 know/道,know/仈 know/傳,can/会 know/晓,know/會 know/仈,know/知 know/影|Beijing,Ha_erbin,Jinan,Rongcheng,Taiyuan,Xi_an,Chengdu,Nanjing,Jixi,Suzhou,Wenzhou,Changsha,Changsha,Loudi,Nanchang,Meixian,Guilin,Guangzhou,Fuzhou,Fuzhou,Fuzhou,Xiamen|False,False,False,False,False,False,False,False,False,False,False,False,False,False,False,False,False,False,False,False,False,False|
|grease|脂肪,脂肪,脂肪,脂肪,脂肪,脂肪,脂肪,脂肪,壯肉,脂肪,脂肪,脂肪,板油,油脂|N N,N N,N N,N N,N N,N N,N N,N N,A N,N N,N N,N N,N N,N N|fat/脂 fat/肪,fat/脂 fat/肪,fat/脂 fat/肪,fat/脂 fat/肪,fat/脂 fat/肪,fat/脂 fat/肪,fat/脂 fat/肪,fat/脂 fat/肪,robust/壯 flesh/肉,fat/脂 fat/肪,fat/脂 fat/肪,fat/脂 fat/肪,board/板 oil/油,oil/油 fat/脂|fat/脂 fat/肪,fat/脂 fat/肪,fat/脂 fat/肪,fat/脂 fat/肪,fat/脂 fat/肪,fat/脂 fat/肪,fat/脂 fat/肪,fat/脂 fat/肪,robust/壯 flesh/肉,fat/脂 fat/肪,fat/脂 fat/肪,fat/脂 fat/肪,board/板 oil/油,oil/油 fat/脂|Beijing,Ha_erbin,Jinan,Rongcheng,Taiyuan,Xi_an,Nanjing,Jixi,Suzhou,Wenzhou,Changsha,Nanchang,Guilin,Fuzhou|False,False,False,False,False,False,False,False,False,False,False,False,False,False|
|claw|爪爪,五爪龙|N N2,N N N|claw/爪 claw/爪,five/五 claw/爪 dragon/龙|claw/爪 claw/爪,five/五 claw/爪 dragon/龙|Chengdu,Xiamen|False,False|
|dust|塵土,塵土,塵土,灰塵,塵土,灰塵,灰塵,灰塵,塵土,灰塵,坌塵,灰塵,塵土,灰塵,灰塵,灰塵,滃塵,塗粉|N N,N N,N N,N N,N N,N N,N N,N N,N N,N N,N N,N N,N N,N N,N N,N N,N N,N N|dust/塵 soil/土,dust/塵 soil/土,dust/塵 soil/土,ash/灰 dust/塵,dust/塵 soil/土,ash/灰 dust/塵,ash/灰 dust/塵,ash/灰 dust/塵,dust/塵 soil/土,ash/灰 dust/塵,dust/坌 dust/塵,ash/灰 dust/塵,dust/塵 soil/土,ash/灰 dust/塵,ash/灰 dust/塵,ash/灰 dust/塵,dust/滃 dust/塵,road/塗 powder/粉|dust/塵 soil/土,dust/塵 soil/土,dust/塵 soil/土,ash/灰 dust/塵,dust/塵 soil/土,ash/灰 dust/塵,ash/灰 dust/塵,ash/灰 dust/塵,dust/塵 soil/土,ash/灰 dust/塵,dust/坌 dust/塵,ash/灰 dust/塵,dust/塵 soil/土,ash/灰 dust/塵,ash/灰 dust/塵,ash/灰 dust/塵,dust/滃 dust/塵,road/塗 powder/粉|Beijing,Ha_erbin,Taiyuan,Taiyuan,Xi_an,Xi_an,Nanjing,Jixi,Jixi,Suzhou,Wenzhou,Changsha,Nanchang,Nanchang,Guilin,Guangzhou,Fuzhou,Xiamen|False,False,False,False,False,False,False,False,False,False,False,False,False,False,False,False,False,False|
|wing|翅膀,翅膀,翅膀,翅膀,翅膀,翅膀,翅膀,翅膀,翼膀,翅膀,翅膀,翅光|N N,N N,N N,N N,N N,N N,N N,N N,N N,N N,N N,N N|wing/翅 wing/膀,wing/翅 wing/膀,wing/翅 wing/膀,wing/翅 wing/膀,wing/翅 wing/膀,wing/翅 wing/膀,wing/翅 wing/膀,wing/翅 wing/膀,wing/翼 wing/膀,wing/翅 wing/膀,wing/翅 wing/膀,wing/翅 ray/光|wing/翅 wing/膀,wing/翅 wing/膀,wing/翅 wing/膀,wing/翅 wing/膀,wing/翅 wing/膀,wing/翅 wing/膀,wing/翅 wing/膀,wing/翅 wing/膀,wing/翼 wing/膀,wing/翅 wing/膀,wing/翅 wing/膀,wing/翅 ray/光|Beijing,Ha_erbin,Rongcheng,Taiyuan,Xi_an,Chengdu,Nanjing,Jixi,Wenzhou,Changsha,Nanchang,Nanchang|False,False,False,False,False,False,False,False,False,False,False,False|
|fight|角逆|V V|horn/角 fight/逆|horn/角 fight/逆|Chengdu|False|
|hunt|關山|V N|hunt/關 mountain/山|hunt/關 mountain/山|Loudi|False|
|animal|動物,動物,動物,動物,動物,動物,動物,動物,動物,眾牲,動物,動物,動物,動物,動物,動物,動物,動物|V N,V N,V N,V N,V N,V N,V N,V N,V N,A N,V N,V N,V N,V N,V N,V N,V N,V N|move/動 thing/物,move/動 thing/物,move/動 thing/物,move/動 thing/物,move/動 thing/物,move/動 thing/物,move/動 thing/物,move/動 thing/物,move/動 thing/物,animal/眾 beast/牲,move/動 thing/物,move/動 thing/物,move/動 thing/物,move/動 thing/物,move/動 thing/物,move/動 thing/物,move/動 thing/物,move/動 thing/物|move/動 thing/物,move/動 thing/物,move/動 thing/物,move/動 thing/物,move/動 thing/物,move/動 thing/物,move/動 thing/物,move/動 thing/物,move/動 thing/物,animal/眾 beast/牲,move/動 thing/物,move/動 thing/物,move/動 thing/物,move/動 thing/物,move/動 thing/物,move/動 thing/物,move/動 thing/物,move/動 thing/物|Beijing,Ha_erbin,Jinan,Rongcheng,Taiyuan,Xi_an,Chengdu,Nanjing,Jixi,Suzhou,Wenzhou,Changsha,Loudi,Nanchang,Meixian,Guilin,Guangzhou,Xiamen|False,False,False,False,False,False,False,False,False,False,False,False,False,False,False,False,False,False|
|belly|肚皮,肚皮,腹老,腹肚|N N,N S,N S,N N|belly/肚 skin/皮,belly/肚 skin/皮,belly/腹 old/老,belly/腹 belly/肚|belly/肚 skin/皮,belly/肚 skin/皮,belly/腹 old/老,belly/腹 belly/肚|Chengdu,Suzhou,Fuzhou,Xiamen|False,False,False,False|
|correct|無綻|V N|not/無 wrong/綻|not/無 wrong/綻|Fuzhou|False|
|ear|耳朵,耳朵,耳朵,耳朵,耳朵,耳朵,耳朵,耳朵,耳朵,耳朵,耳朵,耳朵,耳朵,耳朵|N N,N N,N N,N N,N N,N N,N N,N N,N N,N N,N N,N N,N N,N N|ear/耳 flower/朵,ear/耳 flower/朵,ear/耳 flower/朵,ear/耳 flower/朵,ear/耳 flower/朵,ear/耳 flower/朵,ear/耳 flower/朵,ear/耳 flower/朵,ear/耳 flower/朵,ear/耳 flower/朵,ear/耳 flower/朵,ear/耳 flower/朵,ear/耳 flower/朵,ear/耳 flower/朵|ear/耳 flower/朵,ear/耳 flower/朵,ear/耳 flower/朵,ear/耳 flower/朵,ear/耳 flower/朵,ear/耳 flower/朵,ear/耳 flower/朵,ear/耳 flower/朵,ear/耳 flower/朵,ear/耳 flower/朵,ear/耳 flower/朵,ear/耳 flower/朵,ear/耳 flower/朵,ear/耳 flower/朵|Ha_erbin,Jinan,Rongcheng,Taiyuan,Xi_an,Chengdu,Nanjing,Jixi,Suzhou,Wenzhou,Changsha,Loudi,Nanchang,Guilin|False,False,False,False,False,False,False,False,False,False,False,False,False,False|
|rotten|腐爛,腐爛,腐爛,腐爛,腐爛,腐爛,腐爛,腐爛,腐爛,腐爛,腐爛,腐爛,飲腐|V V,V V,V V,V V,V V,V V,V V,V V,V V,V V,V V,V V,V V|rotten/腐 rotten/爛,rotten/腐 rotten/爛,rotten/腐 rotten/爛,rotten/腐 rotten/爛,rotten/腐 rotten/爛,rotten/腐 rotten/爛,rotten/腐 rotten/爛,rotten/腐 rotten/爛,rotten/腐 rotten/爛,rotten/腐 rotten/爛,rotten/腐 rotten/爛,rotten/腐 rotten/爛,rotten/飲 rotten/腐|rotten/腐 rotten/爛,rotten/腐 rotten/爛,rotten/腐 rotten/爛,rotten/腐 rotten/爛,rotten/腐 rotten/爛,rotten/腐 rotten/爛,rotten/腐 rotten/爛,rotten/腐 rotten/爛,rotten/腐 rotten/爛,rotten/腐 rotten/爛,rotten/腐 rotten/爛,rotten/腐 rotten/爛,rotten/飲 rotten/腐|Beijing,Ha_erbin,Jinan,Taiyuan,Nanjing,Wenzhou,Changsha,Loudi,Nanchang,Meixian,Guilin,Guangzhou,Fuzhou|False,False,False,False,False,False,False,False,False,False,False,False,False|
|father|爺爺,郎罷,老爸|N N2,N N,Pref N|father/爺 father/爺,father/郎 father/罷,old/老 father/爸|father/爺 father/爺,father/郎 father/罷,old/老 father/爸|Changsha,Fuzhou,Xiamen|False,False,False|
|give|拿賜|V V|hold.take/拿 give/賜|hold.take/拿 give/賜|Loudi|False|
|stick|棍棍|N N|stick/棍 stick/棍|stick/棍 stick/棍|Chengdu|False|
|child|小孩,小嘎,娃娃,伲囝哥|A N,A N,N N2,N N N|small/小 child/孩,small/小 child/嘎,child/娃 娃,child/伲 child/囝 older.brother/哥|small/小 child/孩,small/小 child/嘎,child/娃 娃,child/伲 child/囝 older.brother/哥|Ha_erbin,Ha_erbin,Chengdu,Fuzhou|False,False,False,False|
|good|帶勁,不賴,不糙|V A,V A,V A|bear.carry/帶 good/勁,not/不 bad/賴,not/不 bad/糙|bear.carry/帶 good/勁,not/不 bad/賴,not/不 bad/糙|Ha_erbin,Ha_erbin,Rongcheng|False,False,False|
|breathe|呼吸,呼吸,呼吸,喘氣,出氣,呼吸,呼吸,喘氣,呼吸,𢻕氣,𢻕氣,𢻕氣,呼吸,呼吸,出氣,出氣,呼吸,吸氣,透氣,喘氣,呼吸,呼吸,呼氣|V V,V V,V V,V N,V N,V V,V V,V N,V V,V N,V N,V N,V V,V V,V N,V N,V V,V N,V N,V N,V V,V V,V N|inhale/呼 suck/吸,inhale/呼 suck/吸,inhale/呼 suck/吸,breathe/喘 breath/氣,go.out/出 breath/氣,inhale/呼 suck/吸,inhale/呼 suck/吸,breathe/喘 breath/氣,inhale/呼 suck/吸,breathe/𢻕 breath/氣,breathe/𢻕 breath/氣,breathe/𢻕 breath/氣,inhale/呼 suck/吸,inhale/呼 suck/吸,go.out/出 breath/氣,go.out/出 breath/氣,inhale/呼 suck/吸,suck/吸 breath/氣,permeate/透 breath/氣,breathe/喘 breath/氣,inhale/呼 suck/吸,inhale/呼 suck/吸,inhale/呼 breath/氣|inhale/呼 suck/吸,inhale/呼 suck/吸,inhale/呼 suck/吸,breathe/喘 breath/氣,go.out/出 breath/氣,inhale/呼 suck/吸,inhale/呼 suck/吸,breathe/喘 breath/氣,inhale/呼 suck/吸,breathe/𢻕 breath/氣,breathe/𢻕 breath/氣,breathe/𢻕 breath/氣,inhale/呼 suck/吸,inhale/呼 suck/吸,go.out/出 breath/氣,go.out/出 breath/氣,inhale/呼 suck/吸,suck/吸 breath/氣,permeate/透 breath/氣,breathe/喘 breath/氣,inhale/呼 suck/吸,inhale/呼 suck/吸,inhale/呼 breath/氣|Beijing,Ha_erbin,Jinan,Rongcheng,Taiyuan,Xi_an,Chengdu,Nanjing,Nanjing,Jixi,Suzhou,Wenzhou,Wenzhou,Changsha,Changsha,Loudi,Nanchang,Nanchang,Meixian,Guilin,Guangzhou,Fuzhou,Xiamen|False,False,False,False,False,False,False,False,False,False,False,False,False,False,False,False,False,False,False,False,False,False,False|
|freeze|扯构|V N|split/扯 freeze/构|split/扯 freeze/构|Loudi|False|
|full|個郎|A A|-piece:CLS/個 full/郎|-piece:CLS/個 full/郎|Fuzhou|False|
|mather|姆媽,姆媽,姆媽,娭,老姆|N N,N N,N N,N N,Pref N|mother/姆 mother/媽,mother/姆 mother/媽,mother/姆 mother/媽,mother/娭 mother/?,old/老 mother/姆|mother/姆 mother/媽,mother/姆 mother/媽,mother/姆 mother/媽,mother/娭 mother/?,old/老 mother/姆|Suzhou,Changsha,Loudi,Meixian,Xiamen|False,False,False,False,False|
|where|哪里,哪里,哪疙,哪里,哪里,哪嘞,啊搭,哪跟前,哪塊,哪塊,哪搭,狃宕,哪里,何至,哪里,哪里,哪?,里囗,邊度,底所,倒落|Pron N,Pron N,Pron Pron,Pron N,Pron N,Pron S,Pron N,Pron V N,Pron N,Pron N,Pron N,Pron Pron,Pron N,Pron V,Pron N,Pron N,Pron S,N Pron,Pron Pron,Pron N,V N|what/哪 inside/里,what/哪 inside/里,what/哪 where/疙,what/哪 inside/里,what/哪 inside/里,what/哪 where/嘞,what/啊 place/搭,what/哪 follow/跟 front/前,what/哪 place/塊,what/哪 place/塊,what/哪 place/搭,where/狃 where/宕,what/哪 inside/里,what/何 to/至,what/哪 inside/里,what/哪 inside/里,what/哪 where/?,inside/里 where/?,where/邊 where/度,what/底 place/所,fall.down/倒 place/落|what/哪 inside/里,what/哪 inside/里,what/哪 where/疙,what/哪 inside/里,what/哪 inside/里,what/哪 where/嘞,what/啊 place/搭,what/哪 follow/跟 front/前,what/哪 place/塊,what/哪 place/塊,what/哪 place/搭,where/狃 where/宕,what/哪 inside/里,what/何 to/至,what/哪 inside/里,what/哪 inside/里,what/哪 where/?,inside/里 where/?,where/邊 where/度,what/底 place/所,fall.down/倒 place/落|Beijing,Ha_erbin,Ha_erbin,Jinan,Rongcheng,Taiyuan,Xi_an,Chengdu,Nanjing,Jixi,Suzhou,Wenzhou,Changsha,Changsha,Loudi,Nanchang,Meixian,Guilin,Guangzhou,Fuzhou,Xiamen|False,False,False,False,False,False,False,False,False,False,False,False,False,False,False,False,False,False,False,False,False|
|there|那個地方,那塊,旁單,那里,那里,那里,那,那個地方,夫塊,迄帶|Pron CLS N N,Pron N,Pron N,Pron N,Pron N,Pron N,Pron N,Pron CLS N N,Pron N,Pron N|that/那 -piece:CLS/個 ground/地 square/方,that/那 place/塊,there/旁 there/單,that/那 inside/里,that/那 inside/里,that/那 inside/里,that/那 there/?,that/那 -piece:CLS/個 ground/地 square/方,that/夫 place/塊,that/迄 place/帶|that/那 -piece:CLS/個 ground/地 square/方,that/那 place/塊,there/旁 there/單,that/那 inside/里,that/那 inside/里,that/那 inside/里,that/那 there/?,that/那 -piece:CLS/個 ground/地 square/方,that/夫 place/塊,that/迄 place/帶|Chengdu,Nanjing,Wenzhou,Changsha,Loudi,Nanchang,Meixian,Guilin,Fuzhou,Xiamen|False,False,False,False,False,False,False,False,False,False|
|man|大老爺們|A A N S|big/大 old/老 father/爺 :PL/們|big/大 old/老 father/爺 :PL/們|Ha_erbin|False|
|woman|伊姐|N N|woman/伊 sister/姐|woman/伊 sister/姐|Fuzhou|True|
